year,prisonerstotal,Offensestotal,railwayexpendUSDmill,publicworkreal2000usdmill,centrgovdebtreal2000usdmill,healthexpendreal2000usdmill,centrgovexpendreal2000usdmill,inmigration,emigration,netmigration,mariagerate1000,marriagestotal,M1mill,M2mill,M3mill,importconvUSDmill,importconvUSDothermill,importUSDmill,importUSDreal2000mill,goldonzas,goldkg,wooltonnes,woolusdmill,importUSDreal2000mill,gcftotalmill,GNPnominal,NominalGDPUSDmill,GDPreal2000usd,GDPreal2000usdcapita,StudentPrimary,StudentSecondary,StudentTertiary,studentTOTAL
1840,,,,,,,,2333,,,,,,,,,,,,,,,,,,,,,,,,,
1841,,,,,,,,2439,,,,,,,,0.266,,0.1702,,,,,,,,,,,,,,,
1842,,,,,,,,5168,,,,,,,,0.508,,0.3336,,,,,,,,,,,,,,,
1843,,,,,,,,1443,,,,,,,,0.382,,0.3824,,,,,,,,,,,,,,,
1844,,,,,,,,548,,,,,,,,0.224,,0.2232,,,,,,,,,,,,,,,
1845,,,,,,,,324,,,,,,,,0.234,,0.234,,,,,,,,,,,,,,,
1846,,,,,,,,537,,,,,,,,0.312,,0.311,,,,,,,0.00095,,,,,,,,
1847,,,,,,,,887,,,,,,,,0.404,,0.4048,,,,,,,0.044618,,,,,,,,
1848,,,,,,,,2554,,,,,,,,0.468,,0.4676,,,,,,,0.048292,,,,,,,,
1849,,,,,,,,2663,,,,,,,,0.51,,0.5094,,,,,,,0.031066,,,,,,,,
1850,,,,,,,,2452,,,,,,,,0.48,,0.48,,,,,,,0.00738,,,,,,,,
1851,,,,,,,,3762,,,,,,,,0.712,,0.712,,,,,,,0.02412,,,,,,,,
1852,,,,,,,,2532,,,,,,,,0.718,,0.718,,,,,,,0.029092,,,,,,,,
1853,,,,,,,,2768,,1091,,,,,,1.196,1.1956,1.1956,,,,0.4535929094,,,0.07001,,,,,,,,
1854,,,,,,,,4041,,2057,,,,,,1.782,1.7824,1.7824,,,,0.4535929094,,,0.151266,,,,,,,,
1855,,,,,,,,7220,,3937,10.91,406,,,,1.626,1.627,1.627,,,,0.9071858189,,,0.100236,,,,,,,,
1856,,,,,,,,4851,,2525,8.87,404,,,,1.422,1.4218,1.4218,,,,1.360778728,,,0.12021,,,,,,,,
1857,,,,,,,,5927,,3024,9.59,478,,,,1.986,1.986,1.986,87.816448,10437,296,1.360778728,15.7,32.632698,0.195372,,,,,,,,
1858,,,,,25.7,,,7678,,6130,8.98,534,,,,2.282,2.2826,2.2826,97.633019,13534,384,1.814371638,21.7,37.126724,0.22646,,,,,,,,
1859,,,,,31.5,,,10203,,8637,8.42,603,,,,3.102,3.102,3.102,150.371787,7336,208,2.267964547,33,50.511735,0.253032,8.8,,,,,,,
1860,,,,,40.5,,,8935,,6064,8.65,690,,,,3.096,3.0966,3.0966,145.790305,4538,129,3.175150366,41.8,51.694683,0.241828,11.6,346,398,,,,,
1861,,,,,38.1,,,22339,6117,16222,8.86,878,,,,4.988,4.9876,4.9876,211.26204,194031,5501,3.628743275,44.4,113.433263,0.396156,13.2,426,489,3189,,,,
1862,,,,,51,,,34290,13299,20991,8.67,1091,1,,,9.252,9.2522,9.2522,393.172042,410862,11648,4.535929094,57.3,200.406319,0.62388,21.2,566,650,3620,,,,
1863,,,,,49.9,,,45730,10610,35120,9.05,1485,4,,,14.05,14.0494,14.0494,583.761643,628450,17817,5.896707823,69,277.807618,0.952324,24.4,801,920,4237,,,,
1864,,,,,117.1,,,20931,12404,8527,10.9,1878,4,,,14.002,14.0014,14.0014,565.607012,480171,13613,7.71107946,86.5,246.499206,1.45423,29.2,928,1066,4743,,,,
1865,,,,,242.3,,,18916,6607,12309,10.47,1908,5,,,11.19,11.19,11.19,449.263171,574574,16289,8.618265279,91.7,281.281303,0.62405,31.6,1066,1224,5044,,,,
1866,,,,,286,,,14893,7294,7599,10.32,2038,4,,,11.79,11.7898,11.7898,479.224373,735376,20848,10.43263692,110.1,357.371685,0.692216,36.8,1164,1336,5228,,,,
1867,,,,,308.1,,,11126,6267,4859,9.69,2050,4,,,10.69,10.6892,10.6892,427.844332,686905,19474,12.24700855,126.6,358.551577,0.583315,33,1272,1461,5418,,,,
1868,,,,,319.4,,,8723,7863,860,9.35,2085,4,,,9.972,9.9714,9.9714,406.573846,637474,18072,13.15419437,123.7,348.128397,0.508898,37,1251,1437,5186,,,,
1869,,,,,587.4,,,8903,5262,3641,8.32,1931,5,,,9.952,9.9522,9.9522,428.483244,614281,17415,12.70060146,118.1,352.182727,0.344047,33.8,1351,1552,5405,,,,
1870,,,,,669.5,,,9124,5547,3577,7.62,1851,5,,,9.052,9.278,9.278,420.189173,544880,15447,16.78293765,154.3,427.25422,0.370253,32.6,1343,1543,5182,,,,
1871,,,0,24,729.2,,,10083,5297,4786,7.15,1864,6,,,7.75,8.1564,8.1564,350.015284,730029,20696,17.23653056,137.8,453.332531,0.3764,33.6,1367,1570,4972,,,,
1872,,,0,60,792.1,,,10725,5752,4973,6.85,1873,6,,,9.804,10.286,10.286,428.751057,445270,12623,19.0509022,211.6,432.585891,0.5374,41.2,1497,1719,5243,,,,
1873,,,1,98,923,,,13572,4761,8811,7.9,2276,7,,,12.368,12.9294,12.9294,565.972742,505337,14326,19.0509022,236.6,490.094731,0.9162,51,1729,1986,5778,,,,
1874,,,2,134,1114.5,,,43965,5859,38106,8.81,2828,8,,,15.938,16.2436,16.2436,699.353954,376388,10671,21.31886674,244.1,452.068293,1.31552,55.8,1952,2242,5760,,,,
1875,651,,4,207,1545.9,,,31737,6467,25270,8.94,3209,8,,,15.526,16.0584,16.0584,712.47329,355322,10073,24.49401711,301.5,496.651348,1.2699,58,2126,2442,5796,,,,
1876,611,,3,168,1589.2,,389,18414,6459,11955,8.25,3196,8,,,13.598,13.8104,13.8104,627.627699,322016,9129,27.21557457,308.7,510.086116,0.925948,57.4,2250,2585,5814,,,,
1877,655,,2,108,1861.1,,389,12987,6611,6376,7.62,3114,9,18,25,13.094,13.9468,13.9468,629.455318,371685,10537,29.0299462,330.3,556.845995,0.900064,68.4,2420,2779,6120,,,,
1878,596,14157,1,90,2002.5,,374,16263,5761,10502,7.97,3377,10,21,30,16.846,17.5114,17.5114,779.58212,310486,8802,26.76198166,293.2,525.853102,1.320352,71.6,2740,3147,6609,,,,
1879,698,16374,2,135,2461.1,,461,23957,5234,18723,7.48,3352,9,19,28,16.048,16.7492,16.7492,887.534916,287464,8150,28.12276039,331.3,600.585146,1.274608,61.6,2877,3305,6514,87408,1417,240,89065
1880,703,17837,2,148,2753.1,,392,15154,7923,7231,6.71,3352,10,20,30,11.994,12.324,12.324,627.634631,305248,8654,30.39072493,322.8,634.764527,1.257082,63.6,2692,3092,5851,95262,1631,211,97104
1881,641,16635,2,156,2882.2,,409,9688,8072,1616,6.64,3277,11,23,31,14.604,14.914,14.914,762.504666,269561,7642,26.76198166,297.6,602.784633,0.99954,64.2,2927,3362,6169,95584,1819,239,97642
1882,578,18613,1,95,2872.4,,370,10945,7456,3489,7.07,3600,10,25,33,16.688,17.2186,17.2186,860.171161,254204,7207,29.48353911,311.6,638.936333,1.039308,64.8,3012,3460,6158,99205,1899,279,101383
1883,567,18775,1,90,2964.5,,383,19215,9186,10029,6.82,3612,10,23,33,15.548,15.948,15.948,802.825597,248374,7041,30.84431784,303.5,705.971042,1.16282,61.4,2999,3444,5888,105654,2384,361,108399
1884,560,18263,1,146,3227.7,,405,20021,10700,9321,6.87,3800,10,23,35,14.652,15.3278,15.3278,796.099986,229946,6519,36.74102566,339.5,736.485197,1.105844,65,3060,3514,5776,111667,2642,419,114728
1885,531,18955,1,146,3526.3,,449,16199,11695,4504,6.65,3813,10,28,40,14.556,14.9598,14.9598,819.249563,237371,6729,39.46258312,351,738.101152,1.071016,60.4,3284,3772,6091,116557,2659,442,119658
1886,558,18135,1,164,3758,,471,16101,15037,1064,5.99,3488,9,26,40,12.638,13.518,13.518,749.702176,227079,6438,41.27695476,340.9,724.856298,1.156474,60.2,3290,3778,5985,121171,2358,490,124019
1887,633,17752,1,160,4291.9,,516,13689,12712,977,5.97,3563,10,27,41,12.128,12.491,12.491,749.944366,203869,5780,40.36976894,398.8,8042.914672,1.12723,60.8,3372,3873,6001,126967,2242,588,129797
1888,605,12897,1,114,4354,,497,13606,22781,-9175,5.97,3617,10,28,42,10.86,11.8838,11.8838,703.803452,201219,5705,37.64821148,369,876.867156,0.768,59.4,3427,3936,6062,129090,2120,662,131872
1889,611,12945,1,75,4694.1,,514,15392,15178,214,5.92,3632,10,29,45,11.962,12.6178,12.6178,771.717232,203211,5761,46.26647676,486.4,1123.405199,0.703844,67.4,3472,3988,6061,131434,2147,588,134169
1890,517,13115,1,60,4843.1,,532,15028,16810,-1782,6.07,3797,10,26,43,11.858,12.521,12.521,784.117346,193193,5477,46.72006967,519.9,1198.501539,0.66169,66.4,3633,4173,6252,133862,2117,596,136575
1891,494,12674,0,41,4705.8,,527,14431,17629,-3198,6.04,3805,10,26,44,12.862,13.0076,13.0076,788.191513,251996,7144,48.0808484,500.5,1158.691697,0.723176,66,3718,4271,6317,135930,2205,705,138840
1892,433,13153,0,51,4992.1,,567,18122,13164,4958,6.23,4002,11,29,49,13.486,13.886,13.886,895.301795,238079,6750,53.52396331,556.2,1223.867108,0.73438,68,3768,4328,6251,139220,2262,695,142177
1893,463,13165,0,60,5062.3,,554,26135,15723,10412,6.22,4115,11,28,48,12.988,13.823,13.823,891.239861,226811,6430,49.89522004,486.8,1119.417382,0.852752,66.8,3895,4474,6264,141755,2251,680,144686
1894,483,13530,0,54,5238.9,,585,25237,22984,2253,6.15,4178,12,28,47,11.98,13.576,13.576,892.908763,221615,6283,65.31737896,635,1213.082588,0.684514,63.2,3935,4520,6207,144367,2454,680,147501
1895,531,14010,0,54,5393.9,,581,21862,20967,895,5.94,4110,13,32,48,12.232,12.8002,12.8002,854.769498,293491,8320,52.61677749,489.1,1137.627003,0.690228,63.4,3874,4450,6007,147235,2525,742,150502
1896,493,14673,0,53,5551.4,18,561,17236,15764,1472,6.85,4843,15,30,46,14.07,14.2746,14.2746,920.356834,263694,7476,58.51348532,566.3,1199.237605,0.680736,72,4091,4699,6232,147878,2614,677,151169
1897,623,15219,0,55,5749.4,18,583,18592,15840,2752,6.83,4928,15,31,47,15.988,16.1064,16.1064,1043.603299,251645,7134,61.68863568,575.8,1262.323018,1.117176,71.8,4445,5106,6640,149585,2709,653,152947
1898,533,16378,1,111,5769.6,19,590,18855,16159,2696,6.91,5091,15,32,48,16.422,16.4612,16.4612,1056.135537,280175,7943,67.58534351,596.2,1340.924886,1.143684,73.2,4517,5188,6623,149450,2706,667,152823
1899,508,16865,1,122,6237,19,644,18506,16619,1887,7.28,5461,16,33,49,17.228,17.4,17.4,1156.035988,389558,11044,66.67815769,574.7,1584.300815,1.124174,75.8,4651,5343,6709,149760,2723,766,153249
1900,527,18358,1,129,6121,18,664,18074,16243,1831,7.67,5860,18,36,53,20.414,21.2,21.2,1380.473695,373616,10592,63.95660023,618.5,1722.075818,1.506808,86.6,4866,5589,6916,149435,2792,805,153032
1901,661,19909,1,160,5993.8,18,667,25086,18564,6522,7.83,6095,18,38,55,22.706,23.6,23.6,1443.399537,455561,12915,66.67815769,452.5,1574.284071,1.78903,82,5157,5923,7129,150021,3561,783,154365
1902,602,19771,3,256,6275.3,21,705,30293,22301,7992,8.01,6394,20,41,59,21.916,22.6,22.6,1350.680582,508045,14403,72.57486551,401,1629.781393,1.629614,90.2,5270,6053,7113,151671,4551,864,157086
1903,688,20736,2,182,6664.3,25,744,30883,19608,11275,8.23,6748,22,43,61,24.152,25.6,25.6,1536.992696,533314,15119,70.30690096,485.2,1797.801145,2.928772,100,5696,6542,7472,152948,5818,862,159628
1904,701,21066,2,216,6904.5,26,775,32632,22277,10355,8.26,6983,22,44,63,25.8,26.6,26.6,1597.031474,520320,14751,65.77097187,561.2,1769.823074,2.705043,98.8,6085,6989,7760,155674,6368,971,163013
1905,760,20249,2,159,6984.4,27,781,32685,23383,9302,8.28,7200,22,47,67,24.962,25.6,25.6,1502.530977,520486,14756,63.50300732,631.6,1836.139808,2.96285,113.2,6201,7123,7695,158224,6932,1153,166309
1906,833,21160,2,211,7213.2,27,826,39233,26385,12848,8.48,7592,26,54,74,28.606,30.4,30.4,1768.395486,563843,15985,69.85330805,787.2,2093.221814,3.560887,129.4,6778,7785,8139,160693,6864,1332,168889
1907,791,23204,3,248,7315.8,30,886,36108,30378,5730,8.91,8192,28,61,81,33.08,34.6,34.6,1977.556719,508210,14408,78.01798042,875.3,2293.279936,3.621908,146.2,7357,8450,8647,163428,6648,1325,171401
1908,815,23510,3,241,7544.4,33,937,44970,30709,14261,8.82,8339,25,59,79,34.494,35,35,2000.418647,506423,14357,73.93564424,609.6,1837.527414,4.440097,133.4,7555,8678,8606,167889,7168,1634,176691
1909,877,23930,5,383,8023.8,33,1002,38650,33931,4719,8.33,8094,26,60,81,29.634,31.4,31.4,1786.858425,506371,14356,86.18265279,717.7,2234.82497,4.490807,132.2,7177,8243,7998,174526,7593,1846,183965
1910,843,25106,3,250,8405.9,32,1015,35769,32361,3408,8.3,8236,30,66,87,33.496,34.2,34.2,1929.418566,478288,13559,92.53295352,937.4,2499.443279,4.578759,155.8,7505,8620,8206,179656,8345,1862,189863
1911,802,24999,2,230,9061.2,31,1046,41389,37189,4200,8.7,8825,32,73,94,37.566,39,39,2181.408905,455226,12906,76.65720169,726.2,2123.238001,5.450669,164.8,8364,9607,8935,186172,9414,1900,197486
1912,821,25981,2,254,9123.9,32,1124,44660,35733,8927,8.81,9149,31,74,95,41.154,42,42,2280.975287,343163,9729,85.27546697,771.7,2336.587636,4.965088,166,8642,9926,9003,191308,10055,2228,203591
1913,834,25415,2,269,9499.7,35,1172,44588,30369,14219,8.25,8813,31,76,97,43.308,44.6,44.6,2353.810577,376161,10664,84.82187406,850.5,2407.642119,4.570796,169.8,8486,9747,8591,198066,10200,2318,210584
1914,981,27563,2,288,10376.9,39,1236,37646,32506,5140,8.51,9280,34,82,103,42.288,42.2,42.2,2200.528824,227954,6462,99.79044008,971.8,2738.041883,4.619802,188,8644,9929,8665,205828,11003,2257,219088
1915,941,28412,2,268,9790.5,39,1214,25551,22476,3075,9.12,10028,40,93,117,41.318,41.4,41.4,2026.628544,422825,11987,89.35780316,1017,3077.24453,4.25279,220,8822,10133,8791,210882,11537,2039,224458
1916,834,24920,2,241,10233.3,38,1210,21799,21163,636,7.47,8213,43,106,133,50.09,50,50,2336.363605,292620,8296,84.36828116,1157.5,3110.260685,3.067419,226.6,8838,10151,8824,214651,12276,1985,228912
1917,954,21724,2,152,11051,36,1204,15649,13869,1780,5.84,6417,46,115,143,41.484,41.4,41.4,1773.299976,218624,6198,80.73953788,1043,2699.956297,2.79715,240.4,8734,10032,8743,219032,13323,1977,234332
1918,1005,19067,1,107,11460.3,36,1150,11906,11660,246,5.65,6227,51,128,157,48.264,48.2,48.2,1835.170345,11987,340,49.44162713,573.2,2168.775378,2.789322,255.2,8533,9802,8463,224115,14780,2226,241121
1919,852,24278,1,98,12477.8,44,1322,20931,19877,1054,8.33,9519,73,164,195,60.618,60.6,60.6,2148.165488,320210,9078,124.2844572,1386.7,3821.891258,4.198886,297,8668,9956,8113,220075,15650,3060,238785
1920,996,26106,2,139,12522.9,57,1483,44062,32924,11138,10.21,12175,79,184,218,123.108,123.2,123.2,3837.866614,212973,6038,73.48205133,739.2,2891.172082,6.725355,368.4,9636,11068,8801,225346,15558,3822,244726
1921,1044,26551,3,221,12456.9,53,1696,41882,28559,13323,8.69,10883,57,165,197,85.488,85.4,85.4,2582.094082,149595,4241,72.1212726,315.7,2710.775492,8.371201,349.8,10226,11745,9086,234927,17189,4123,256239
1922,1052,24699,7,456,14524.6,59,1887,35233,28389,6844,7.64,9834,59,166,201,69.652,69.6,69.6,2308.025775,131848,3738,146.0569168,788,2833.698542,8.546068,286,9628,11059,8385,241513,19542,3958,265013
1923,1141,26119,4,341,14940.3,66,1799,36488,29668,6820,7.91,10352,61,172,209,86.728,86.8,86.8,2974.346626,169512,4806,98.88325426,747.4,3148.42129,8.327235,310,9570,10992,8185,244156,21625,4202,269983
1924,1197,27025,4,340,14657.3,61,1734,39815,30593,9222,7.91,10502,59,173,213,97.056,97,97,3216.645117,133631,3788,93.44013934,1012.6,3482.53234,10.480711,326.4,10178,11691,8531,245902,22752,4236,272890
1925,1284,30470,4,405,15055.2,68,1817,41846,29172,12674,7.85,10817,61,178,220,104.852,104.8,104.8,3475.303178,114696,3252,93.44013934,1176.6,3663.858273,12.501186,347,10451,12004,8566,247043,23293,4442,274778
1926,1388,31615,6,476,15784.8,74,1562,45685,33825,11860,7.9,10994,58,177,219,99.624,99.6,99.6,3302.864471,125777,3566,96.61528971,784.6,3002.356862,11.645131,315,10720,12313,8613,251926,25444,4653,282023
1927,1483,32144,5,442,16249,75,1615,38676,36248,2428,7.63,10796,53,171,220,89.566,89.6,89.6,2971.251572,130171,3690,100.244033,859.7,3216.379827,11.016451,295.6,10218,11736,8093,254724,26406,4878,286008
1928,1435,33138,5,459,16647,82,1655,35478,35035,443,7.58,10919,56,177,235,89.688,89.6,89.6,2971.251572,118755,3367,102.9655904,1106.2,3685.545756,10.032835,333,10273,11800,8044,252863,28409,4802,286074
1929,1342,34250,6,507,17509.2,89,1605,34439,31643,2796,7.8,11403,57,185,246,97.468,97.4,97.4,3229.909633,116848,3313,106.5943337,1018.6,3643.099305,11.682344,344.6,11204,12869,8663,253122,29310,4623,287055
1930,1523,37214,6,514,18298.4,93,1727,32559,28321,4238,7.78,11494,46,173,238,88.68,88.6,88.6,3036.026625,133749,3792,89.35780316,525.2,3079.956491,12.40041,316.8,11373,13064,8670,252756,31167,5956,289879
1931,1614,36680,6,604,20266.3,99,1814,20225,21634,-1409,6.81,10254,39,157,225,52.996,53,53,1945.857116,139974,3968,96.1616968,405,2566.401965,10.010744,255.8,10768,12368,8122,253058,32462,6034,291554
1932,1522,35368,2,381,23109.4,89,2044,17879,21210,-3331,6.81,10492,39,155,223,49.292,49.2,49.2,2023.103972,167784,4757,107.9551124,472.3,2928.56636,7.46087,247,10006,11493,7489,241358,31156,5902,278416
1933,1410,33302,0,152,24158,81,1932,18826,21217,-2391,7.18,11067,49,171,245,51.162,51.2,51.2,2193.066637,164998,4678,129.7275721,635.8,3512.847285,7.378919,227,9980,11463,7409,234736,30961,5249,270946
1934,1199,32286,0,179,24836.5,80,1990,23241,26617,-3376,7.64,11788,57,184,258,62.68,62.6,62.6,2574.111965,157375,4462,116.1197848,1029.3,3893.488267,8.261791,254,11139,12795,8210,234293,31100,4721,270114
1935,1112,33168,0,191,22141.5,82,1937,26157,27397,-1240,8.23,12744,67,207,276,72.634,72.6,72.6,2870.492269,168756,4784,101.1512188,561.2,3680.081796,9.440868,271,11324,13007,8286,232434,32046,5247,269727
1936,915,35448,1,179,22299.7,117,2048,30422,30187,235,9.25,14448,78,234,294,88.518,88.6,88.6,3503.107645,166210,4712,142.4281736,1051.2,4487.773477,12.982941,311,12385,14226,8978,247436,32289,6152,285877
1937,790,38629,2,297,21074,124,2254,36795,34838,1957,9.55,14973,89,257,318,112.322,112.4,112.4,4126.685658,170715,4840,127.9132005,1400.3,4898.640219,17.894199,385,14276,16398,10237,245609,33646,6356,285611
1938,777,44308,5,505,20560,114,3119,40975,38857,2118,10.09,15959,94,253,311,110.844,110.8,110.8,3927.668912,151162,4285,122.9236785,863.9,4138.657047,23.788329,424,14791,16989,10498,244593,35720,6741,287054
1939,895,46378,8,720,20765.6,122,2940,39564,32647,6917,11.12,17791,113,264,324,98.774,98.8,98.8,3385.546621,175667,4980,125.6452359,799.5,3978.291412,21.829886,464,15793,18140,11050,244098,37195,7235,288528
1940,863,45009,8,676,20688.5,185,2994,16458,15059,1399,11.28,18084,133,297,352,97.996,98,98,3148.249957,187343,5311,136.0778728,1084.2,4737.859185,16.388491,499,16619,19088,11685,243460,36179,6654,286293
1941,988,38559,4,531,21743.8,226,3068,8882,8691,191,8.65,13830,148,332,386,98.334,98.4,98.4,3065.309049,174656,4951,97.97606844,785.8,4204.146125,9.703668,538,17200,19757,12111,243862,34715,6467,285044
1942,1304,34608,1,371,23281.2,294,3199,3310,2580,730,7.91,12775,196,409,462,107.712,107.8,107.8,3259.364661,165986,4706,139.7066161,1108.8,4915.351698,6.559664,582,18081,20768,12691,243676,34937,5755,284368
1943,1024,33192,0,214,27197.9,363,2990,3376,3081,295,7.53,12021,235,481,539,190.484,190.4,190.4,5592.319924,149150,4228,93.89373225,792.1,4221.437885,8.329781,670,20361,23386,14242,244974,37992,7468,290434
1944,945,31960,1,449,30898.7,415,3251,6591,5223,1368,8.43,13646,253,532,596,172.794,172.8,172.8,5075.382788,142267,4033,85.72905988,746.7,4569.430566,10.67077,749,22055,25332,15112,247730,44176,8664,300570
1945,998,34000,1,671,32153.6,458,3352,8850,9637,-787,10.14,16693,293,611,680,110.176,110.2,110.2,3146.822179,128364,3639,75.29642297,726.3,4662.037048,13.275448,759,21607,24818,14358,252480,47134,9580,309194
1946,992,33744,1,762,33924,545,3578,24588,19311,5277,12.39,21096,327,678,753,143.142,143.2,143.2,4089.1555,119270,3381,165.5614119,1518.9,5785.469699,13.674334,799,22243,25549,14318,262774,48723,12568,324065
1947,1088,34628,0,842,33562.8,594,5762,30284,26528,3756,10.94,19047,340,710,791,257.282,257.2,257.2,7145.989092,112260,3183,170.097341,1776.5,7191.554497,20.227871,851,22338,25657,14074,272882,49754,12925,335561
1948,986,37046,0,766,31045.6,667,5929,33232,28770,4462,9.96,17750,374,782,864,257.068,257,257.1,6607.46991,93903,2662,190.9626149,2287.6,7597.999297,22.385128,964,23045,26470,14216,279918,49899,13255,343072
1949,941,34381,0,1279,32143.8,800,5962,47315,39304,8011,9.53,17354,416,840,920,240.066,240,240.1,6020.068211,84874,2406,195.0449511,2334.5,7385.603216,26.136646,978,21894,25147,13291,290286,51623,13321,355230
1950,1043,35383,1,1382,32035.3,828,5771,55420,47444,7976,9.19,17099,475,918,994,315.886,315.8,315.9,7552.213851,76527,2170,178.7156063,3569.5,8785.909462,25.357478,1101,22982,26398,13694,304707,53829,13620,372156
1951,1040,38689,1,1343,28569.8,813,5804,58630,46223,12407,8.93,16915,481,945,1098,413.068,413,413.1,8847.22488,75115,2130,143.7889523,5490.2,10628.106355,35.091177,1396,26567,30515,15486,319716,56640,13132,389488
1952,1083,42580,2,1356,25838.4,876,6648,67256,45223,22033,8.55,17061,480,955,1084,458.894,458.8,552.4,10920.522928,59151,1677,198.6736943,3242.1,9967.725095,46.038197,1446,25105,28836,14243,339560,61094,12935,413589
1953,1088,45950,4,1304,25414.4,946,6644,62712,45201,17511,8.41,17224,567,1076,1191,327.226,327,384.4,7317.836937,38656,1096,177.8084205,4443.7,9205.777949,52.815633,1517,25077,28804,13883,357892,66996,13095,437983
1954,1196,51526,5,1805,25865.2,950,6627,59570,52115,7455,8.38,17557,614,1149,1274,426.31,426.4,491.6,9024.371306,41713,1183,178.2620134,2574.6,8789.289737,59.417821,1681,25832,29671,14006,373270,74816,13138,461224
1955,1118,63550,3,1811,25824.1,1011,6537,66135,56959,9176,8.32,17795,612,1163,1271,501.322,501.4,574.3,10178.972275,26443,750,189.1482432,4139.5,8423.502782,77.675586,1860,27581,31680,14634,381488,80895,13178,475561
1956,1362,75583,2,2042,25186,1098,6315,74099,63898,10201,8.03,17531,621,1213,1287,469.558,469.6,536.8,9197.173208,26063,739,183.68,3009.6,9180.725208,90.856494,1965,28605,32856,14873,398075,85332,13456,496863
1957,1474,81998,1,2230,25514.6,1214,6840,79420,62888,16532,7.89,17614,625,1258,1362,523.476,523.4,593.01,9993.676585,30195,856,188.077,3264.2,9203.094039,93.193177,2061,29156,33489,14800,411868,89198,14257,515323
1958,1642,85153,1,2180,25121.7,1271,6224,82160,71551,10609,8.01,18305,576,1225,1343,505.6,505.5,568.8,9136.349876,24981,708,207.527,3110.8,8634.171882,95.732387,2208,30671,35229,15212,429379,94256,15687,539322
1959,1714,88071,1,2051,25435.2,1309,7476,86913,81850,5063,7.84,18315,645,1345,1465,410.152,410.1,462.2,7199.115053,36758,1042,233.591,2498.1,8044.09989,106.725103,2297,31527,36212,15346,440612,106717,17258,564587
1960,1777,102792,1,2125,25914.8,1394,9642,99300,98350,950,7.96,18909,735,1476,1632,506.314,506.2,561.53,8615.713913,33326,945,239.39,3184.4,9571.262914,111.195342,2463,32767,37636,15659,424712,118658,19718,563088
1961,1818,96384,1,2206,26244.2,1494,8585,127247,111737,15510,8,19426,718,1479,1661,576.582,576.4,644.194,9738.697397,28294,802,232.878,2851.6,8399.908827,122.17354,2650,34780,39948,16231,430554,130384,20855,581793
1962,1707,115921,1,2110,26551.8,1553,8820,140599,125728,14871,7.86,19572,716,1521,1711,237.384,523.7,541.774,7956.338063,21742,616,262.313,3030.2,8410.919657,121.604815,2857,35943,41284,16410,439606,140813,21878,602297
1963,1765,113942,0,2107,28002.1,1665,8415,156153,142826,13327,7.81,19856,739,1641,1941,523.74,637.4,649.328,9401.537675,14206,403,255.454,3028.2,8819.834471,138.688397,3096,37044,42549,16576,448936,148581,23371,620888
1964,1689,118422,1,2277,28089.4,1713,8834,180811,168625,12186,7.97,20720,779,1769,2057,637.368,662.7,690.98,9599.019329,8948,254,255.963,3766.7,10101.933592,148.719479,3377,39302,45142,17250,461411,153148,24951,639510
1965,1653,132311,0,2383,28946.3,1840,12099,212877,200922,11955,8.23,21702,771,1818,2197,662.7,729.4,756.72,10235.633545,12136,344,237.061,2779.1,9856.382708,162.229396,3669,41704,47901,17982,472826,157167,27792,657785
1966,1898,135374,1,2777,29732.9,1986,12796,239671,226333,13338,8.55,22949,780,1840,2396,729.4,752.2,787.51,10378.977807,8964,254,277.29,3048.2,9897.97925,163.637441,3981,44245,50820,18744,485966,161689,30487,678142
1967,1983,139737,1,2842,29873.9,2040,13012,261050,262205,-1155,8.62,23515,767,1850,2466,752.2,622.9,695.59,8615.25916,10703,303,226.737,2153.9,8868.654964,158.9886,4148,45923,52747,19216,499955,168154,32824,700933
1968,2023,149103,2,2594,31282.3,2044,13093,254361,262655,-8294,8.74,24057,761,1905,2612,622.9,799.2,799.085,9551.853126,8626,245,263.008,1854.7,9389.09443,166.859659,4328,45527,52292,18858,508901,179462,36402,724765
1969,1967,153914,2,2490,31359.6,2053,12956,281075,286959,-5884,8.98,24971,782,1954,2843,799.2,944.3,895.628,10117.643642,10717,304,308.474,2402,10933.389873,187.552528,4610,46497,53407,19046,513712,183783,40067,737562
1970,2365,165859,4,2446,30490.3,2148,13513,334416,326057,8359,9.2,25953,843,2068,3071,944.3,1070.6,1111.797,11782.755675,11283,320,303.331,2166.9,11284.419434,212.130759,5092,48845,56104,19671,516364,186238,43915,746517
1971,2636,177924,10,2404,28889.7,2346,14996,391991,382465,9526,9.5,27199,923,2213,3301,1070.6,1152.7,1186.115,11395.571994,9418,267,294.482,1811.7,10636.254696,229.978015,5791,50653,58180,20073,518106,190106,47284,755496
1972,2531,189283,10,2355,28734.4,2631,16342,449807,428103,21704,9.21,26868,1184,2687,4008,1152.7,1282.2,1273.909,11487.530124,13511,383,315.073,2072.5,12155.342361,231,6834,51942,59661,20158,519551,196655,49688,765894
1973,2567,192079,14,2547,29277.9,2868,17894,559459,528608,30851,8.82,26274,1444,3196,4858,1282.2,1861.8,1591.474,13301.099591,11102,315,287.917,3545.1,14657.065004,241.792,7846,54244,62305,20597,520984,202179,50184,773347
1974,2440,206115,16,2237,28022.4,3010,18833,663728,629920,33808,8.35,25412,1450,3251,4991,1861.8,2492,2615.054,19622.448725,4710,134,214.211,2726.9,13091.917486,268.584881,9162,58136,66775,21597,523673,208596,51126,783395
1975,2752,223362,,2945,27498.7,3223,19872,678000,658086,19914,7.95,24535,1603,3558,5567,2492,2730.1,2613.445,17112.238366,2747,78,218.848,1718.6,10140.624015,348.176,10049,60479,69466,22097,525323,219754,53487,798564
1976,,232376,,,31051.7,3384,20583,671232,683260,-12028,7.75,24154,1808,3859,6544,,3168.3,3270.654,18273.001447,3726,106,271.795,2546.2,12552.930177,340.39,11579,61497,70636,22329,525012,230291,58241,813544
1977,,243619,,,30787.1,3373,20683,701344,727128,-25784,7.22,22589,1857,4021,7505,,,3464.006,16957.133902,7168,203,253.881,3172.2,15152.680632,351.007,13936,61586,70738,22340,522930,232015,59486,814431
1978,,245640,,,32737.6,3537,23996,778416,804448,-26032,7.17,22426,2201,4662,9131,,,3359.302,14695.159187,7044,200,242.781,2535.5,13712.172477,401.9995,14634,59992,68907,21770,521037,235043,60705,816785
1979,,257922,,,33956.7,3774,25075,902148,928469,-26321,7.14,22326,2455,4980,10894,,,4459.6823,17170.611768,6998,198,259.159,2634.7,15159.411419,413.023,16549,60115,69048,21824,515976,230128,61256,807360
1980,,286789,,,33981.1,3732,24728,982094,993736,-11642,7.31,22981,2534,5300,12273,,,5622.215,18465.293742,6419,182,285.243,3056.6,16463.153744,446.18,19335,61649,70810,22293,506602,226346,64060,797008
1981,,294015,,,32990,3852,25535,958105,964796,-6691,7.49,23660,2878,5856,14284,,,6635.5628,18843.531673,6166,175,289.222,2532.9,16537.265388,495.769,22481,62312,71572,22405,493856,224926,65580,784362
1982,,309843,,,35200.2,3919,27227,914257,903480,10777,8.02,25537,3147,5946,16082,,,7800.226353,19091.982337,7775,220,281.568,2249,16165.647342,526.839,27276,65374,75089,23270,486167,223501,65943,775611
1983,,336155,,,42699.2,4025,29614,914875,900263,14612,7.65,24678,3717,,,,,7991.748952,18216.225745,9657,274,322.211,2318.4,17102.042087,547.962,30551,65793,75570,23147,476083,230748,67898,774729
1984,,347453,,,46954.7,3874,30417,986937,983052,3885,7.77,25272,4055,,,,,10939.040303,23476.687429,21605,613,308.155,2389.3,17954.8898,564.343,33564,67595,77640,23577,465353,226889,69042,761284
1985,,370844,,,52603.6,3560,30099,1078712,1091608,-12896,7.54,24657,4541,,,,,12075.433188,22488.306428,28501,808,317.487,2747.7,20507.681784,675.565,37344,70929,81469,24664,450502,229251,70927,750680
1986,,376558,,,52637.2,3798,30349,1256116,1267571,-11455,7.33,24037,5077,,,,,11622.117352,19116.05836,40686,1153,282.431,2107.6,16676.666613,508.821,42762,71476,82098,24777,439107,229307,74884,743298
1987,,368712,,,60305.5,4199,29738,1525861,1521248,4613,7.39,24443,,,,,,12242.56723,17383.09246,36910,1046,303.076,2224.9,16646.600996,571.541,51958,72973,83817,25079,430885,230689,,
1988,,378122,,,52158.3,4523,30862,1657761,1680806,-23045,7.06,23485,,,,,,11216.968962,14975.381735,77291,2191,276.708,2165.3,16160.631859,776.88124,58371,73275,84164,25160,422422,232432,,
1989,,384928,,,50163.6,4596,29983,1671059,1673743,-2684,6.83,22733,,,,,,14710.119947,18577.399385,156566,4439,276.846,2268,18292.704959,640.295273,63136,72989,83835,24878,,,,
1990,,409747,,,52764.7,4500,30350,1759896,1749034,10862,6.94,23341,,,,,,15895.638097,18912.865441,148738,4217,209.127,1565.6,17281.605798,,66003,73607,84545,24790,,,,
1991,,446417,,,50976.5,4625,31620,1796598,1790086,6512,6.28,23065,,,,,,14525.610406,16853.642544,217287,6160,203.2,1116.7,17479.890962,,68005,73174,84048,24027,,,,
1992,,464596,,,54105,4428,33847,1843310,1839524,3786,5.92,22018,,,,,,17130.859583,19676.562471,321512,9115,250.35,1242,19704.970667,,67853,72278,83019,23489,,,,
1993,,462536,,,53811.9,4724,35622,1996370,1988640,7730,5.85,22056,,,,,,17781.209992,20153.344678,353663,10026,195.048,1020.9,20674.345054,,71514,73124,83990,23462,,,,
1994,,447525,,,51710.7,5126,33011,2194600,2172600,22000,5.71,21879,,,,,,19980.632696,22253.618778,,,241.994,1174.1,21346.745707,,76867,77740,89292,24596,,,,
1995,,465052,,,47367.5,5248,32655,2391550,2355370,36180,5.59,21579,,,,,,21250.509216,22827.087959,,,233.234,1345.8,21553.906736,,81819,81920,94094,25509,,,,
1996,,477596,,,43577.1,5490,33332,2689660,2646520,43140,5.5,21550,,,,,,21398.785283,22469.817131,,,195.678,1085.7,20957.783842,,85614,85015,97649,26086,,,,
1997,,473547,,,37315.1,5836,34183,2679980,2685800,-5820,5.3,21038,,,,,,21963.868597,22783.911817,,,199.629,982,21166.916389,,87011,87268,100236,26507,,,,
1998,,461677,,,38836.5,6151,35064,2719690,2720400,-710,5.31,21341,,,,,,23347.666325,23929.61182,,,196.517,937.4,21980.876907,,91218,88953,102172,26859,,,,
1999,,438074,,,37664.6,6744,36755,2876900,2854010,22890,5.53,22448,,,,,,27113.565791,27817.111031,,,172.8,762.3,22348.747294,,91302,88970,102191,26723,,,,
2000,,427230,,,36041,6874,36171,3121610,3136800,-15190,5.39,22307,,,,,,30735.647052,30735.646633,,,182.701,801.9,24876.375161,,,93960,107922,28083,,,,
2001,,426526,,,35811.7,7152,37209,3293710,3260360,33350,5.18,21742,,,,,,31682.158707,30864.021518,,,179.338,863.2,,,,96481,110818,28554,,,,
2002,,440129,,,,7713,,3444370,3376210,68160,5.25,22616,,,,,,32337.365807,30680.952097,,,164.336,782,,,,99683,114496,29020,,,,
2003,,442489,,,,,,3580790,3534960,45830,5.34,23515,,,,,,31781.696583,29634.089472,,,148.543,747.2,,,,104125,119599,,,,,
2004,,,,,,,,,,,,,,,,,,34904.851337,,,,153.408,,,,,,,,,,,
